filename,brisque_ground_truth,brisque_bicubic,brisque_realesrgan
d32_034_r0_c0.png,28.20528221130371,58.08340072631836,29.34801483154297
d32_034_r0_c1.png,19.320987701416016,59.457115173339844,13.162430763244629
d32_034_r0_c2.png,20.16737174987793,65.66754913330078,19.507240295410156
d32_034_r0_c3.png,20.180265426635742,82.05699157714844,17.165075302124023
d32_034_r1_c0.png,28.83136558532715,83.17033386230469,46.0373420715332
d32_034_r1_c1.png,26.798263549804688,60.10000991821289,26.720441818237305
d32_034_r1_c2.png,27.553823471069336,60.21710205078125,35.746829986572266
d32_034_r1_c3.png,31.421035766601562,60.77487564086914,31.70133399963379
d32_034_r2_c0.png,14.852034568786621,58.95319366455078,13.386031150817871
d32_034_r2_c1.png,17.384578704833984,61.23347091674805,23.867338180541992
d32_034_r2_c2.png,23.86804962158203,61.141212463378906,13.635114669799805
d32_034_r2_c3.png,22.771930694580078,59.830772399902344,21.876314163208008
d32_034_r3_c0.png,22.796875,61.85321044921875,9.941567420959473
d32_034_r3_c1.png,19.43185806274414,61.30143737792969,12.615434646606445
d32_034_r3_c2.png,20.111995697021484,59.86309051513672,15.206809043884277
d32_034_r3_c3.png,25.889326095581055,58.981781005859375,17.20523452758789
d32_044_r1_c0.png,15.407523155212402,57.56688690185547,4.896474361419678
d32_044_r1_c1.png,17.41383934020996,71.38145446777344,10.186890602111816
d32_044_r1_c2.png,32.42213821411133,84.38401794433594,11.897588729858398
d32_044_r2_c0.png,26.261579513549805,60.01871871948242,26.413251876831055
d32_044_r2_c1.png,23.13755226135254,58.77128219604492,20.634601593017578
d32_044_r2_c2.png,27.17711067199707,55.834598541259766,28.268314361572266
d32_044_r2_c3.png,21.887428283691406,50.04816436767578,8.423036575317383
d32_044_r3_c0.png,33.38749313354492,63.71322250366211,12.125504493713379
d32_044_r3_c1.png,33.819252014160156,59.794960021972656,20.80137825012207
d32_044_r3_c2.png,32.22556686401367,58.24736022949219,21.119884490966797
d32_044_r3_c3.png,38.4244384765625,56.529075622558594,29.828523635864258
gnh_038_r0_c0.png,28.794475555419922,82.6838607788086,68.17353820800781
gnh_038_r0_c1.png,35.74506378173828,70.53201293945312,46.67131042480469
gnh_038_r0_c2.png,35.42824172973633,71.82726287841797,44.052337646484375
gnh_038_r0_c3.png,35.14253234863281,70.10615539550781,29.897140502929688
gnh_038_r1_c0.png,16.994754791259766,59.109596252441406,66.88401794433594
gnh_038_r1_c1.png,11.130880355834961,59.15859603881836,26.963146209716797
gnh_038_r1_c2.png,12.572846412658691,57.3542366027832,18.0637264251709
gnh_038_r1_c3.png,22.217771530151367,55.4736213684082,16.112951278686523
gnh_038_r2_c0.png,24.632368087768555,60.832275390625,54.61153793334961
gnh_038_r2_c1.png,15.33073902130127,59.32425308227539,41.4830436706543
gnh_038_r2_c2.png,7.022223949432373,59.21929931640625,19.49577522277832
gnh_038_r2_c3.png,7.113683223724365,58.808929443359375,9.835939407348633
gnh_038_r3_c0.png,50.44245529174805,61.27872085571289,65.04347229003906
gnh_038_r3_c1.png,48.55404281616211,60.88694763183594,51.674217224121094
gnh_038_r3_c2.png,32.83388900756836,60.942283630371094,21.21796226501465
gnh_038_r3_c3.png,34.49197769165039,56.4461669921875,18.739887237548828
gnh_045_r0_c0.png,48.72992706298828,86.49873352050781,42.6837272644043
gnh_045_r0_c1.png,49.553524017333984,84.9365463256836,41.11083984375
gnh_045_r0_c2.png,42.411399841308594,86.92159271240234,28.976900100708008
gnh_045_r0_c3.png,74.30925750732422,91.14795684814453,38.560916900634766
gnh_045_r1_c0.png,32.04973602294922,60.55376434326172,18.592758178710938
gnh_045_r1_c1.png,31.620628356933594,60.359806060791016,32.8621826171875
gnh_045_r1_c2.png,30.269542694091797,58.369205474853516,39.253135681152344
gnh_045_r1_c3.png,32.3195915222168,59.6007194519043,31.71186637878418
gnh_045_r2_c0.png,16.561140060424805,59.20309066772461,20.491992950439453
gnh_045_r2_c1.png,25.53972625732422,60.153961181640625,24.516069412231445
gnh_045_r2_c2.png,32.387638092041016,59.87154769897461,32.407955169677734
gnh_045_r2_c3.png,34.70014190673828,58.321685791015625,26.04084014892578
gnh_045_r3_c0.png,29.739355087280273,58.932594299316406,20.076852798461914
gnh_045_r3_c1.png,26.655284881591797,59.52447509765625,14.367026329040527
gnh_045_r3_c2.png,30.643390655517578,56.53025436401367,17.082794189453125
gnh_045_r3_c3.png,42.09783935546875,54.82244110107422,27.441776275634766
nno_047_r0_c0.png,38.88127899169922,87.71805572509766,44.72563552856445
nno_047_r0_c1.png,34.27353286743164,78.58418273925781,25.47312355041504
nno_047_r0_c2.png,34.64352035522461,80.95124816894531,21.253658294677734
nno_047_r0_c3.png,44.2016716003418,80.91355895996094,23.17682647705078
nno_047_r1_c0.png,28.14957618713379,61.09096145629883,19.24540901184082
nno_047_r1_c1.png,28.27410125732422,60.69185256958008,21.001293182373047
nno_047_r1_c2.png,32.29711151123047,59.751953125,21.332902908325195
nno_047_r1_c3.png,36.211273193359375,60.59744644165039,37.68330001831055
nno_047_r2_c0.png,24.02906608581543,62.21341323852539,9.12218952178955
nno_047_r2_c1.png,25.967708587646484,60.66769027709961,4.84487247467041
nno_047_r2_c2.png,25.311241149902344,57.92295837402344,5.2833991050720215
nno_047_r2_c3.png,17.470163345336914,58.67903518676758,7.339846611022949
nno_047_r3_c0.png,50.49275207519531,56.45640182495117,31.13948631286621
nno_047_r3_c1.png,42.1757926940918,54.24546813964844,15.23011589050293
nno_047_r3_c2.png,38.54600524902344,52.46918487548828,6.962258815765381
nno_047_r3_c3.png,33.239952087402344,53.95503616333008,12.984572410583496
